<?xml version = '1.0' encoding = 'UTF-8'?>
<relationalModel class="oracle.dbtools.crest.model.design.relational.RelationalDesign" name="Relational_1" id="4DE1C3F7-D830-B336-CF8C-AEB5F1F0EFB2" mainViewID="2C12B1CE-ADDE-ECED-55A1-ECD1CF5E8EE6">
<createdBy>Thiaki</createdBy>
<createdTime>2023-05-28 19:51:42 UTC</createdTime>
<ownerDesignName>Cap 07 Fintech</ownerDesignName>
<shouldBeOpen>false</shouldBeOpen>
<selectedRDBMSSite>32076570-2523-435C-2E92-BF29817DFF70</selectedRDBMSSite>
</relationalModel>