<?xml version = '1.0' encoding = 'UTF-8'?>
<Entity class="oracle.dbtools.crest.model.design.logical.Entity" directorySegmentName="seg_0" id="0A300CCD-58C9-56BD-9781-237C45EB077C" name="T_FNT_USUARIO">
<createdBy>Thiaki</createdBy>
<createdTime>2023-05-29 00:07:53 UTC</createdTime>
<ownerDesignName>Cap 07 Fintech</ownerDesignName>
<engineerTo>
<item key="4DE1C3F7-D830-B336-CF8C-AEB5F1F0EFB2" value="true"/>
</engineerTo>
<adequatelyNormalized>NO</adequatelyNormalized>
<expectedVolumes>0</expectedVolumes>
<fwdEngineeringStrategyName>Single Table</fwdEngineeringStrategyName>
<growthPercent>0</growthPercent>
<growthType>Year</growthType>
<maxVolumes>9999999</maxVolumes>
<minVolumes>0</minVolumes>
<normalForm>Third</normalForm>
<attributes itemClass="oracle.dbtools.crest.model.design.logical.Attribute">
<Attribute name="cpf_usuario" id="B18E8651-CB9B-E9B5-3CD4-69236CB5BF96">
<createdBy>Thiaki</createdBy>
<createdTime>2023-05-29 00:08:03 UTC</createdTime>
<ownerDesignName>Cap 07 Fintech</ownerDesignName>
<engineerTo>
<item key="4DE1C3F7-D830-B336-CF8C-AEB5F1F0EFB2" value="true"/>
</engineerTo>
<useDomainConstraints>false</useDomainConstraints>
<use>1</use>
<logicalDatatype>LOGDT019</logicalDatatype>
<dataTypePrecision>11</dataTypePrecision>
<ownDataTypeParameters>,11,</ownDataTypeParameters>
</Attribute>
<Attribute name="nm_usuario" id="BD9C845B-B487-03E0-3F50-242DC129CE1B">
<createdBy>Thiaki</createdBy>
<createdTime>2023-05-29 00:08:16 UTC</createdTime>
<ownerDesignName>Cap 07 Fintech</ownerDesignName>
<engineerTo>
<item key="4DE1C3F7-D830-B336-CF8C-AEB5F1F0EFB2" value="true"/>
</engineerTo>
<useDomainConstraints>false</useDomainConstraints>
<use>1</use>
<logicalDatatype>LOGDT024</logicalDatatype>
<dataTypeSize>60</dataTypeSize>
<ownDataTypeParameters>60,,</ownDataTypeParameters>
</Attribute>
<Attribute name="senha_usuario" id="442C825D-77E6-2950-0332-EC80AE3ECD76">
<createdBy>Thiaki</createdBy>
<createdTime>2023-05-29 01:43:52 UTC</createdTime>
<ownerDesignName>Cap 07 Fintech</ownerDesignName>
<engineerTo>
<item key="4DE1C3F7-D830-B336-CF8C-AEB5F1F0EFB2" value="true"/>
</engineerTo>
<useDomainConstraints>false</useDomainConstraints>
<use>1</use>
<logicalDatatype>LOGDT024</logicalDatatype>
<dataTypeSize>30</dataTypeSize>
<ownDataTypeParameters>30,,</ownDataTypeParameters>
</Attribute>
</attributes>
<identifiers itemClass="oracle.dbtools.crest.model.design.logical.CandidateKey">
<identifier id="17B7410C-39FA-7E04-CC6F-388B86773C87" name="T_FNT_USUARIO PK">
<createdBy>Thiaki</createdBy>
<createdTime>2023-05-29 00:08:09 UTC</createdTime>
<ownerDesignName>Cap 07 Fintech</ownerDesignName>
<engineerTo>
<item key="4DE1C3F7-D830-B336-CF8C-AEB5F1F0EFB2" value="true"/>
</engineerTo>
<pk>true</pk>
<usedAttributes>
<attributeRef>B18E8651-CB9B-E9B5-3CD4-69236CB5BF96</attributeRef>
</usedAttributes>
</identifier>
</identifiers>
</Entity>