<?xml version = '1.0' encoding = 'UTF-8'?>
<Entity class="oracle.dbtools.crest.model.design.logical.Entity" directorySegmentName="seg_0" id="18FAFF14-1E4E-5A59-AF6A-0715432A3B0C" name="T_FNT_RECEBIMENTO">
<createdBy>Thiaki</createdBy>
<createdTime>2023-05-29 00:31:54 UTC</createdTime>
<ownerDesignName>Cap 07 Fintech</ownerDesignName>
<engineerTo>
<item key="4DE1C3F7-D830-B336-CF8C-AEB5F1F0EFB2" value="true"/>
</engineerTo>
<adequatelyNormalized>NO</adequatelyNormalized>
<expectedVolumes>0</expectedVolumes>
<fwdEngineeringStrategyName>Single Table</fwdEngineeringStrategyName>
<growthPercent>0</growthPercent>
<growthType>Year</growthType>
<maxVolumes>9999999</maxVolumes>
<minVolumes>0</minVolumes>
<normalForm>Third</normalForm>
<attributes itemClass="oracle.dbtools.crest.model.design.logical.Attribute">
<Attribute name="cd_recebimento" id="248D7E43-CB1C-BC5E-805F-9C700665900A">
<createdBy>Thiaki</createdBy>
<createdTime>2023-05-29 02:56:13 UTC</createdTime>
<ownerDesignName>Cap 07 Fintech</ownerDesignName>
<engineerTo>
<item key="4DE1C3F7-D830-B336-CF8C-AEB5F1F0EFB2" value="true"/>
</engineerTo>
<useDomainConstraints>false</useDomainConstraints>
<use>1</use>
<logicalDatatype>LOGDT019</logicalDatatype>
<dataTypePrecision>5</dataTypePrecision>
<ownDataTypeParameters>,5,</ownDataTypeParameters>
</Attribute>
<Attribute name="cpf_usuario" id="AD60DDA8-EA7B-2A9B-F94D-0BCF5B28AB8A">
<createdBy>Thiaki</createdBy>
<createdTime>2023-05-29 02:59:38 UTC</createdTime>
<generatorID>0C6FEA7D-8944-80F5-A546-6742CB369E6C</generatorID>
<ownerDesignName>Cap 07 Fintech</ownerDesignName>
<engineerTo>
<item key="4DE1C3F7-D830-B336-CF8C-AEB5F1F0EFB2" value="true"/>
</engineerTo>
<referedAttribute>B18E8651-CB9B-E9B5-3CD4-69236CB5BF96</referedAttribute>
<useDomainConstraints>false</useDomainConstraints>
<use>1</use>
<logicalDatatype>LOGDT019</logicalDatatype>
<dataTypePrecision>11</dataTypePrecision>
<ownDataTypeParameters>,11,</ownDataTypeParameters>
</Attribute>
<Attribute name="vl_recebimento" id="DEC11199-5223-3F6A-CF15-B5D235449B03">
<createdBy>Thiaki</createdBy>
<createdTime>2023-05-29 02:35:26 UTC</createdTime>
<ownerDesignName>Cap 07 Fintech</ownerDesignName>
<engineerTo>
<item key="4DE1C3F7-D830-B336-CF8C-AEB5F1F0EFB2" value="true"/>
</engineerTo>
<useDomainConstraints>false</useDomainConstraints>
<use>1</use>
<logicalDatatype>LOGDT019</logicalDatatype>
<dataTypePrecision>13</dataTypePrecision>
<dataTypeScale>2</dataTypeScale>
<ownDataTypeParameters>,13,2</ownDataTypeParameters>
</Attribute>
<Attribute name="dt_recebimento" id="8B7A3950-434D-8CDF-BEE8-02E83AD6CFAE">
<createdBy>Thiaki</createdBy>
<createdTime>2023-05-29 02:36:08 UTC</createdTime>
<ownerDesignName>Cap 07 Fintech</ownerDesignName>
<engineerTo>
<item key="4DE1C3F7-D830-B336-CF8C-AEB5F1F0EFB2" value="true"/>
</engineerTo>
<useDomainConstraints>false</useDomainConstraints>
<use>1</use>
<logicalDatatype>LOGDT007</logicalDatatype>
<ownDataTypeParameters>,,</ownDataTypeParameters>
</Attribute>
<Attribute name="descricao_recebimento" id="DE2DEA41-3158-5E78-31ED-E8F333FC9708">
<createdBy>Thiaki</createdBy>
<createdTime>2023-05-30 00:02:07 UTC</createdTime>
<ownerDesignName>Cap 07 Fintech</ownerDesignName>
<engineerTo>
<item key="4DE1C3F7-D830-B336-CF8C-AEB5F1F0EFB2" value="true"/>
</engineerTo>
<nullsAllowed>true</nullsAllowed>
<useDomainConstraints>false</useDomainConstraints>
<use>1</use>
<logicalDatatype>LOGDT024</logicalDatatype>
<dataTypeSize>200</dataTypeSize>
<ownDataTypeParameters>200,,</ownDataTypeParameters>
</Attribute>
</attributes>
<identifiers itemClass="oracle.dbtools.crest.model.design.logical.CandidateKey">
<identifier id="3E47B557-E8AC-2389-0A89-56E97796C825" name="T_FNT_RECEBIMENTO PK">
<createdBy>Thiaki</createdBy>
<createdTime>2023-05-29 02:31:17 UTC</createdTime>
<ownerDesignName>Cap 07 Fintech</ownerDesignName>
<engineerTo>
<item key="4DE1C3F7-D830-B336-CF8C-AEB5F1F0EFB2" value="true"/>
</engineerTo>
<pk>true</pk>
<usedAttributes>
<attributeRef>AD60DDA8-EA7B-2A9B-F94D-0BCF5B28AB8A</attributeRef>
<attributeRef>248D7E43-CB1C-BC5E-805F-9C700665900A</attributeRef>
</usedAttributes>
</identifier>
</identifiers>
</Entity>