<?xml version = '1.0' encoding = 'UTF-8'?>
<FKIndexAssociation class="oracle.dbtools.crest.model.design.relational.FKIndexAssociation" directorySegmentName="seg_0" id="49312276-7289-CE61-E161-56D234B9D6F7" containerWithKeyObject="BE1A97F6-99D8-D423-38D4-408E56B57090" localFKIndex="D831A7CF-D89F-27E6-28BB-282887347A84" name="T_FNT_RECEBIMENTO_T_FNT_USUARIO_FK">
<createdBy>Thiaki</createdBy>
<createdTime>2023-05-29 03:30:10 UTC</createdTime>
<generatorID>0C6FEA7D-8944-80F5-A546-6742CB369E6C</generatorID>
<ownerDesignName>Cap 07 Fintech</ownerDesignName>
<referredTableLongName>T_FNT_USUARIO</referredTableLongName>
<deleteRule>NO ACTION</deleteRule>
<referredTableID>8B7FD0C8-5D9A-E995-BDD6-C89225C05FDC</referredTableID>
<keyObject>FD0157F3-6BB0-D08E-AA7C-E09B180D9728</keyObject>
<referredKeyID>FD0157F3-6BB0-D08E-AA7C-E09B180D9728</referredKeyID>
<mandatory>true</mandatory>
<refColNames>cpf_usuario</refColNames>
<transferable>true</transferable>
<rely>false</rely>
<columnDependencyConstraintGenerateInDDL>true</columnDependencyConstraintGenerateInDDL>
</FKIndexAssociation>