<?xml version = '1.0' encoding = 'UTF-8'?>
<FKIndexAssociation class="oracle.dbtools.crest.model.design.relational.FKIndexAssociation" directorySegmentName="seg_0" id="5093F1AB-F881-6C0B-460D-C1E211AA6EE0" containerWithKeyObject="D72373AE-2B37-2996-F53D-457E489B376E" localFKIndex="89C5F9C4-711C-2886-D274-693A84B0BF2D" name="T_FNT_INVESTIMENTO_T_FNT_USUARIO_FK">
<createdBy>Thiaki</createdBy>
<createdTime>2023-05-29 03:30:10 UTC</createdTime>
<generatorID>EC22CC36-75F0-EFEC-C5DD-A3C36479EA18</generatorID>
<ownerDesignName>Cap 07 Fintech</ownerDesignName>
<referredTableLongName>T_FNT_USUARIO</referredTableLongName>
<deleteRule>NO ACTION</deleteRule>
<referredTableID>8B7FD0C8-5D9A-E995-BDD6-C89225C05FDC</referredTableID>
<keyObject>FD0157F3-6BB0-D08E-AA7C-E09B180D9728</keyObject>
<referredKeyID>FD0157F3-6BB0-D08E-AA7C-E09B180D9728</referredKeyID>
<mandatory>true</mandatory>
<refColNames>cpf_usuario</refColNames>
<transferable>true</transferable>
<rely>false</rely>
<columnDependencyConstraintGenerateInDDL>true</columnDependencyConstraintGenerateInDDL>
</FKIndexAssociation>