<?xml version = '1.0' encoding = 'UTF-8'?>
<Relation class="oracle.dbtools.crest.model.design.logical.Relation" name="possui" directorySegmentName="seg_0" id="E1603B6B-80DA-28C8-BFBA-8A690E0C44E5">
<createdBy>Thiaki</createdBy>
<createdTime>2023-05-29 03:14:26 UTC</createdTime>
<ownerDesignName>Cap 07 Fintech</ownerDesignName>
<engineerTo>
<item key="4DE1C3F7-D830-B336-CF8C-AEB5F1F0EFB2" value="true"/>
</engineerTo>
<sourcePk>17B7410C-39FA-7E04-CC6F-388B86773C87</sourcePk>
<identifying>true</identifying>
<optionalSource>true</optionalSource>
<optionalTarget>false</optionalTarget>
<sourceCardinality>1</sourceCardinality>
<sourceEntity>0A300CCD-58C9-56BD-9781-237C45EB077C</sourceEntity>
<targetCardinalityString>*</targetCardinalityString>
<targetEntity>8FFF4411-E46D-BB39-C6FF-86BFDAB9BFC1</targetEntity>
<transferable>true</transferable>
<deleteRule>NO ACTION</deleteRule>
</Relation>